{
  "GET / Kategorie \"Desktops\"" : {
    "transaction" : "GET / Kategorie \"Desktops\"",
    "sampleCount" : 2532,
    "errorCount" : 0,
    "errorPct" : 0.0,
    "meanResTime" : 5115.521327014217,
    "medianResTime" : 3629.0,
    "minResTime" : 248.0,
    "maxResTime" : 47842.0,
    "pct1ResTime" : 11507.800000000001,
    "pct2ResTime" : 14735.949999999999,
    "pct3ResTime" : 23629.34,
    "throughput" : 4.717192041135703,
    "receivedKBytesPerSec" : 135.60718877792218,
    "sentKBytesPerSec" : 4.551353258439526
  },
  "GET / Kategorie \"Computers\"" : {
    "transaction" : "GET / Kategorie \"Computers\"",
    "sampleCount" : 2532,
    "errorCount" : 0,
    "errorPct" : 0.0,
    "meanResTime" : 4981.79146919431,
    "medianResTime" : 3588.0,
    "minResTime" : 253.0,
    "maxResTime" : 34401.0,
    "pct1ResTime" : 11133.700000000008,
    "pct2ResTime" : 14010.849999999999,
    "pct3ResTime" : 20247.730000000018,
    "throughput" : 4.72150222835512,
    "receivedKBytesPerSec" : 100.38739449694184,
    "sentKBytesPerSec" : 3.4904074090476813
  },
  "Total" : {
    "transaction" : "Total",
    "sampleCount" : 7596,
    "errorCount" : 0,
    "errorPct" : 0.0,
    "meanResTime" : 5148.376645602967,
    "medianResTime" : 3654.5,
    "minResTime" : 248.0,
    "maxResTime" : 47842.0,
    "pct1ResTime" : 11540.6,
    "pct2ResTime" : 14800.699999999993,
    "pct3ResTime" : 23249.40999999999,
    "throughput" : 14.050300668295634,
    "receivedKBytesPerSec" : 430.01302685448337,
    "sentKBytesPerSec" : 12.563859354104201
  },
  "Transaction Controller (T4)" : {
    "transaction" : "Transaction Controller (T4)",
    "sampleCount" : 2532,
    "errorCount" : 0,
    "errorPct" : 0.0,
    "meanResTime" : 15445.129936808844,
    "medianResTime" : 13947.0,
    "minResTime" : 875.0,
    "maxResTime" : 60236.0,
    "pct1ResTime" : 26582.4,
    "pct2ResTime" : 31460.899999999998,
    "pct3ResTime" : 44199.92000000001,
    "throughput" : 4.686441524981399,
    "receivedKBytesPerSec" : 430.2892058134687,
    "sentKBytesPerSec" : 12.571928583128809
  },
  "GET / Product \"build-your-own-computer\"" : {
    "transaction" : "GET / Product \"build-your-own-computer\"",
    "sampleCount" : 2532,
    "errorCount" : 0,
    "errorPct" : 0.0,
    "meanResTime" : 5347.817140600312,
    "medianResTime" : 3827.0,
    "minResTime" : 258.0,
    "maxResTime" : 41070.0,
    "pct1ResTime" : 11926.900000000007,
    "pct2ResTime" : 15386.15,
    "pct3ResTime" : 23698.010000000002,
    "throughput" : 4.69664705402257,
    "receivedKBytesPerSec" : 196.35073120784705,
    "sentKBytesPerSec" : 4.595742527471305
  }
}