{
  "GET / Logout durchführen" : {
    "transaction" : "GET / Logout durchführen",
    "sampleCount" : 2593,
    "errorCount" : 0,
    "errorPct" : 0.0,
    "meanResTime" : 5488.414963362903,
    "medianResTime" : 5508.0,
    "minResTime" : 294.0,
    "maxResTime" : 11197.0,
    "pct1ResTime" : 6408.0,
    "pct2ResTime" : 6856.499999999998,
    "pct3ResTime" : 9421.559999999998,
    "throughput" : 5.091371764387102,
    "receivedKBytesPerSec" : 142.46128678935798,
    "sentKBytesPerSec" : 11.977650957430201
  },
  "POST / login-1" : {
    "transaction" : "POST / login-1",
    "sampleCount" : 2621,
    "errorCount" : 0,
    "errorPct" : 0.0,
    "meanResTime" : 2811.4864555513213,
    "medianResTime" : 2840.0,
    "minResTime" : 203.0,
    "maxResTime" : 6073.0,
    "pct1ResTime" : 3335.6000000000004,
    "pct2ResTime" : 3580.3000000000015,
    "pct3ResTime" : 4557.56,
    "throughput" : 5.146673316825753,
    "receivedKBytesPerSec" : 139.4767867373017,
    "sentKBytesPerSec" : 7.363160555810282
  },
  "GET / Logout durchführen-0" : {
    "transaction" : "GET / Logout durchführen-0",
    "sampleCount" : 2593,
    "errorCount" : 0,
    "errorPct" : 0.0,
    "meanResTime" : 2612.303123794826,
    "medianResTime" : 2620.0,
    "minResTime" : 62.0,
    "maxResTime" : 6098.0,
    "pct1ResTime" : 3140.7999999999997,
    "pct2ResTime" : 3383.7999999999984,
    "pct3ResTime" : 4518.119999999989,
    "throughput" : 5.118658923206298,
    "receivedKBytesPerSec" : 3.4540950350933124,
    "sentKBytesPerSec" : 6.853204476284995
  },
  "GET / login" : {
    "transaction" : "GET / login",
    "sampleCount" : 2653,
    "errorCount" : 0,
    "errorPct" : 0.0,
    "meanResTime" : 2781.8217112702628,
    "medianResTime" : 2806.0,
    "minResTime" : 163.0,
    "maxResTime" : 6046.0,
    "pct1ResTime" : 3337.0,
    "pct2ResTime" : 3606.5999999999995,
    "pct3ResTime" : 5273.800000000001,
    "throughput" : 5.1996260502637055,
    "receivedKBytesPerSec" : 93.38573724371803,
    "sentKBytesPerSec" : 3.8235531404771192
  },
  "POST / login-0" : {
    "transaction" : "POST / login-0",
    "sampleCount" : 2621,
    "errorCount" : 0,
    "errorPct" : 0.0,
    "meanResTime" : 2642.8939336131207,
    "medianResTime" : 2671.0,
    "minResTime" : 73.0,
    "maxResTime" : 5711.0,
    "pct1ResTime" : 3169.0,
    "pct2ResTime" : 3418.0,
    "pct3ResTime" : 4909.740000000007,
    "throughput" : 5.174861348859892,
    "receivedKBytesPerSec" : 4.558325133468381,
    "sentKBytesPerSec" : 5.993540585691242
  },
  "Total" : {
    "transaction" : "Total",
    "sampleCount" : 18295,
    "errorCount" : 0,
    "errorPct" : 0.0,
    "meanResTime" : 3521.9953539218445,
    "medianResTime" : 2926.0,
    "minResTime" : 62.0,
    "maxResTime" : 11197.0,
    "pct1ResTime" : 5699.0,
    "pct2ResTime" : 6067.600000000002,
    "pct3ResTime" : 7117.44000000001,
    "throughput" : 35.84548918953339,
    "receivedKBytesPerSec" : 665.0564264599274,
    "sentKBytesPerSec" : 54.31585385603515
  },
  "Transaction Controller (T5)" : {
    "transaction" : "Transaction Controller (T5)",
    "sampleCount" : 2593,
    "errorCount" : 0,
    "errorPct" : 0.0,
    "meanResTime" : 13724.39220979557,
    "medianResTime" : 13899.0,
    "minResTime" : 761.0,
    "maxResTime" : 21714.0,
    "pct1ResTime" : 15844.6,
    "pct2ResTime" : 16594.3,
    "pct3ResTime" : 20933.5,
    "throughput" : 5.0813944145814265,
    "receivedKBytesPerSec" : 374.67924180017656,
    "sentKBytesPerSec" : 28.84584544136898
  },
  "GET / Logout durchführen-1" : {
    "transaction" : "GET / Logout durchführen-1",
    "sampleCount" : 2593,
    "errorCount" : 0,
    "errorPct" : 0.0,
    "meanResTime" : 2875.8970304666354,
    "medianResTime" : 2892.0,
    "minResTime" : 226.0,
    "maxResTime" : 6185.0,
    "pct1ResTime" : 3399.2,
    "pct2ResTime" : 3636.899999999999,
    "pct3ResTime" : 4934.159999999998,
    "throughput" : 5.092111645480628,
    "receivedKBytesPerSec" : 139.04580853841864,
    "sentKBytesPerSec" : 5.161730359383684
  },
  "POST / login" : {
    "transaction" : "POST / login",
    "sampleCount" : 2621,
    "errorCount" : 0,
    "errorPct" : 0.0,
    "meanResTime" : 5454.573826783671,
    "medianResTime" : 5501.0,
    "minResTime" : 287.0,
    "maxResTime" : 10879.0,
    "pct1ResTime" : 6390.8,
    "pct2ResTime" : 6911.600000000001,
    "pct3ResTime" : 9324.56000000001,
    "throughput" : 5.145774025719053,
    "receivedKBytesPerSec" : 143.98511890154117,
    "sentKBytesPerSec" : 13.321725529473838
  }
}