{
  "GET / register" : {
    "transaction" : "GET / register",
    "sampleCount" : 500,
    "errorCount" : 0,
    "errorPct" : 0.0,
    "meanResTime" : 19971.040000000005,
    "medianResTime" : 20796.0,
    "minResTime" : 1437.0,
    "maxResTime" : 43529.0,
    "pct1ResTime" : 32433.600000000002,
    "pct2ResTime" : 36097.7,
    "pct3ResTime" : 42360.79,
    "throughput" : 10.068060086182594,
    "receivedKBytesPerSec" : 67.30008529534655,
    "sentKBytesPerSec" : 7.433059985501994
  },
  "POST / register-0" : {
    "transaction" : "POST / register-0",
    "sampleCount" : 500,
    "errorCount" : 0,
    "errorPct" : 0.0,
    "meanResTime" : 7055.053999999998,
    "medianResTime" : 7172.5,
    "minResTime" : 69.0,
    "maxResTime" : 24183.0,
    "pct1ResTime" : 14467.7,
    "pct2ResTime" : 16946.4,
    "pct3ResTime" : 21788.04,
    "throughput" : 8.869494261437213,
    "receivedKBytesPerSec" : 4.521363285615454,
    "sentKBytesPerSec" : 13.607397934294788
  },
  "Total" : {
    "transaction" : "Total",
    "sampleCount" : 2500,
    "errorCount" : 0,
    "errorPct" : 0.0,
    "meanResTime" : 8044.838800000006,
    "medianResTime" : 6562.5,
    "minResTime" : 31.0,
    "maxResTime" : 43529.0,
    "pct1ResTime" : 21607.4,
    "pct2ResTime" : 27393.499999999993,
    "pct3ResTime" : 36099.53999999999,
    "throughput" : 42.702194892817495,
    "receivedKBytesPerSec" : 132.28507785143907,
    "sentKBytesPerSec" : 63.36938999914595
  },
  "POST / register" : {
    "transaction" : "POST / register",
    "sampleCount" : 500,
    "errorCount" : 0,
    "errorPct" : 0.0,
    "meanResTime" : 7253.096000000002,
    "medianResTime" : 7253.0,
    "minResTime" : 103.0,
    "maxResTime" : 24336.0,
    "pct1ResTime" : 14826.700000000003,
    "pct2ResTime" : 17249.8,
    "pct3ResTime" : 22125.13,
    "throughput" : 8.854415697108148,
    "receivedKBytesPerSec" : 13.324460240353114,
    "sentKBytesPerSec" : 24.57446231560679
  },
  "POST / register-1" : {
    "transaction" : "POST / register-1",
    "sampleCount" : 500,
    "errorCount" : 0,
    "errorPct" : 0.0,
    "meanResTime" : 197.83799999999997,
    "medianResTime" : 183.5,
    "minResTime" : 31.0,
    "maxResTime" : 549.0,
    "pct1ResTime" : 377.7000000000001,
    "pct2ResTime" : 419.79999999999995,
    "pct3ResTime" : 485.96000000000004,
    "throughput" : 8.871854927428226,
    "receivedKBytesPerSec" : 8.828136782932326,
    "sentKBytesPerSec" : 11.011843371837184
  },
  "Testfall 2 - Registrierung Flow (Stresstest)" : {
    "transaction" : "Testfall 2 - Registrierung Flow (Stresstest)",
    "sampleCount" : 500,
    "errorCount" : 0,
    "errorPct" : 0.0,
    "meanResTime" : 32971.302000000025,
    "medianResTime" : 40679.5,
    "minResTime" : 1722.0,
    "maxResTime" : 55564.0,
    "pct1ResTime" : 50341.4,
    "pct2ResTime" : 52141.45,
    "pct3ResTime" : 54524.1,
    "throughput" : 8.559005785887912,
    "receivedKBytesPerSec" : 119.69274774042248,
    "sentKBytesPerSec" : 39.752569841487215
  },
  "GET / registerresult" : {
    "transaction" : "GET / registerresult",
    "sampleCount" : 500,
    "errorCount" : 0,
    "errorPct" : 0.0,
    "meanResTime" : 5747.166000000006,
    "medianResTime" : 6611.0,
    "minResTime" : 146.0,
    "maxResTime" : 18869.0,
    "pct1ResTime" : 11940.5,
    "pct2ResTime" : 14349.449999999999,
    "pct3ResTime" : 17566.280000000002,
    "throughput" : 8.822699040090344,
    "receivedKBytesPerSec" : 51.128161283349804,
    "sentKBytesPerSec" : 9.977231922289667
  }
}